{"W": [1.3693324164048684, 0.615007344270775, -0.34082207693366334, -0.696970501671532], "b": 0.36223034474653093}